{
    "beta_fem": 763.9084840782524,
    "E_max": 763.9084840782524
}