{
    "Conical": {
        "height": 50.0,
        "radius": 50.0,
        "beta": 1.165685424949238
    },
    "Paraboloid": {
        "height": 200.0,
        "radius": 5.0,
        "beta": 68921.0
    },
    "Ellipsoid": {
        "height": 200.0,
        "radius": 5.0,
        "beta": 79.9874980462644
    }
}