{
    "Conical": 0.32807764064044154,
    "Paraboloid": 125.0,
    "Ellipsoid": 7.872983346207417
}